DayCode1,Occupation1,Power1
0.8,5,0.74713526
0.8,5,1.3703114
0.8,5,0.75962978
0.8,5,1.1256868
0.8,5,1.9109261
0.8,5,2.8036382
0.8,5,1.2568336
0.8,5,1.4198141
0.8,5,1.9953911
0.8,5,1.1989693
0.8,5,1.5829287
0.8,5,1.4552845
0.8,5,1.6520101
0.8,5,1.1543362
0.8,5,1.101666
0.8,5,1.1442198
0.8,5,1.8806111
0.8,5,1.4344088
0.8,5,1.2170812
0.8,5,1.0379183
0.8,5,1.6548614
0.15,5,1.9332529
0.15,5,2.3160789
0.15,5,2.1603418
0.15,5,1.3008278
0.15,5,1.4510714
0.15,5,0.49174506
0.15,5,0.32265278
0.15,5,0.31624093
0.15,5,1.2729064
0.15,5,0.74097119
0.15,5,0.33293056
0.15,5,0.41263285
0.15,5,0.39810133
0.15,5,1.0659107
0.15,5,0.78917422
0.15,5,0.527358
0.15,5,0.35886333
0.15,5,0.31347822
0.15,5,0.884484
0.15,5,0.59856567
0.15,5,0.70094451
0.15,5,0.50170711
0.15,5,0.30380545
0.15,5,0.91852756
0.15,5,0.33570144
0.15,5,0.58847386
0.15,5,0.74022511
0.15,5,0.36778479
0.15,5,1.6373664
0.15,5,1.1918666
0.15,5,1.2316978
0.15,5,1.6688778
0.15,5,1.7803207
0.15,5,2.2062943
0.15,5,2.8450473
0.15,5,1.3928769
0.15,5,3.0564733
0.15,5,3.7508342
0.15,5,2.5673188
0.15,5,3.1856608
0.15,5,3.302398
0.15,5,3.4510977
0.15,5,3.2887414
0.15,5,1.7637696
0.15,5,1.5741027
0.15,5,1.4793812
0.15,5,1.8665402
0.15,5,1.6809746
0.15,5,2.3658782
0.15,5,0.44067078
0.15,5,1.711
0.15,5,1.1444133
0.15,5,2.1270604
0.15,5,4.6701202
0.15,5,0.51050055
0.15,5,2.611761
0.15,5,2.5937727
0.15,5,2.5292185
0.15,5,1.4745686
0.15,5,0.60272886
0.15,5,0.81090799
0.15,5,1.5448927
0.15,5,1.3501014
0.15,5,1.2562907
0.15,5,0.79330322
0.15,5,1.5169531
0.15,5,1.3508887
0.15,5,1.0292132
0.15,5,1.3737981
0.15,5,0.37632022
0.15,5,0.52163789
0.15,5,0.94451756
0.15,5,1.8169614
0.15,5,0.98841844
0.15,5,0.39911356
0.15,5,0.87457075
0.15,5,1.3439172
0.15,5,1.2677356
0.15,5,3.1836102
0.15,5,3.6412893
0.15,5,3.815215
0.15,5,3.7874299
0.15,5,4.3918536
0.15,5,2.6431463
0.15,5,3.0537544
0.15,5,2.8779756
0.15,5,3.2360657
0.15,5,3.015628
0.15,5,3.1022546
0.15,5,3.6578753
0.15,5,2.8719817
0.15,5,2.5063969
0.15,5,2.3510756
0.15,5,3.4957143
0.15,5,3.4855266
0.15,5,3.1632642
1,4,1.731277
1,4,1.6687394
1,4,2.8017131
1,4,2.5730347
1,4,1.7257089
1,4,0.97707292
1,4,1.2851855
1,4,0.91445289
1,4,0.74550274
1,4,0.37194789
1,4,1.3674205
1,4,1.0384699
1,4,0.53057122
1,4,0.49173374
1,4,1.190922
1,4,0.45052697
1,4,0.75793181
1,4,0.79808367
1,4,1.5821146
1,4,0.92128502
1,4,0.76047575
1,4,0.35569367
1,4,1.0251921
1,4,0.954634
1,4,1.2764219
1,4,0.82841422
1,4,0.46491533
1,4,0.93448711
1,4,1.5527527
1,4,1.2772572
1,4,1.5977812
1,4,2.0684478
1,4,1.0616154
1,4,0.54532956
1,4,0.90650366
1,4,2.3164363
1,4,1.5469488
1,4,2.1205718
1,4,0.55493546
1,4,1.2927526
1,4,1.0704588
1,4,1.447878
1,4,1.1291573
1,4,1.0130181
1,4,1.4037788
1,4,0.80152689
1,4,1.9778152
1,4,3.0668576
1,4,2.3741872
1,4,1.5519454
1,4,2.8683931
1,4,2.29964
1,4,2.4532477
1,4,3.1413659
1,4,1.4172568
1,4,1.9828364
1,4,0.95096149
1,4,1.1742794
1,4,0.63090478
1,4,1.402875
1,4,2.918005
1,4,1.0268878
1,4,1.92746
1,4,2.4613697
1,4,0.64345956
1,4,0.935659
1,4,0.57857514
1,4,1.1256964
1,4,0.89441267
1,4,0.88393178
1,4,1.2033883
1,4,0.55610311
1,4,0.78372642
1,4,1.4829801
1,4,1.2401274
1,4,0.83116211
1,4,0.84873489
1,4,2.1227983
1,4,4.4109541
1,4,2.3908466
1,4,3.2866864
1,4,3.6150871
1,4,4.827584
1,4,3.7467387
1,4,2.6152808
1,4,2.6211698
1,4,3.1211878
1,4,2.6142224
1,4,2.4639599
1,4,2.6468152
1,4,3.4017297
1,4,2.6545417
1,4,2.7366463
1,4,2.6811877
1,4,2.6783944
1,4,3.1227413
0.25,4,1.5880853
0.25,4,1.9184493
0.25,4,1.6188744
0.25,4,1.9807851
0.25,4,1.3464482
0.25,4,0.933938
0.25,4,0.34001609
0.25,4,0.27313671
0.25,4,0.92437911
0.25,4,0.41479922
0.25,4,0.35272744
0.25,4,0.35489278
0.25,4,0.32763807
0.25,4,0.94857709
0.25,4,0.26623189
0.25,4,0.3560808
0.25,4,0.42072914
0.25,4,0.38989378
0.25,4,1.0140583
0.25,4,0.33530055
0.25,4,0.36941633
0.25,4,0.33119055
0.25,4,0.29316681
0.25,4,0.37119489
0.25,4,0.93027686
0.25,4,0.39748824
0.25,4,0.39847319
0.25,4,0.52322009
0.25,4,1.268075
0.25,4,1.8021768
0.25,4,1.2728954
0.25,4,1.1533038
0.25,4,1.1702598
0.25,4,1.1780899
0.25,4,1.112717
0.25,4,1.8204732
0.25,4,1.0988039
0.25,4,1.8661879
0.25,4,2.0428939
0.25,4,2.3334861
0.25,4,2.2713072
0.25,4,2.1675456
0.25,4,2.2567376
0.25,4,0.58277244
0.25,4,1.2406831
0.25,4,0.52412322
0.25,4,1.2677554
0.25,4,0.61098367
0.25,4,0.81471146
0.25,4,1.0031826
0.25,4,0.57189189
0.25,4,1.2694432
0.25,4,1.7168768
0.25,4,3.8822663
0.25,4,2.2873681
0.25,4,2.1100286
0.25,4,1.5166704
0.25,4,0.56777364
0.25,4,1.1548757
0.25,4,0.43717333
0.25,4,1.1290556
0.25,4,0.36168242
0.25,4,1.0809744
0.25,4,0.33261644
0.25,4,0.51497481
0.25,4,0.93577622
0.25,4,0.57677909
0.25,4,0.95720933
0.25,4,0.96520377
0.25,4,0.79363637
0.25,4,1.1335664
0.25,4,1.0666602
0.25,4,1.5497894
0.25,4,2.9835361
0.25,4,2.6611352
0.25,4,2.8048078
0.25,4,3.8314759
0.25,4,3.6014843
0.25,4,3.7792726
0.25,4,5.8317568
0.25,4,4.2238004
0.25,4,3.5324731
0.25,4,3.4979367
0.25,4,3.6938604
0.25,4,5.165416
0.25,4,3.1997541
0.25,4,4.1030802
0.25,4,1.6824702
0.25,4,1.7661266
0.25,4,1.8171951
0.25,4,1.7186276
0.25,4,2.2537795
0.25,4,1.7504571
0.25,4,1.7176721
0.25,4,2.4984876
0.25,4,1.9496914
0.3,6,1.8682441
0.3,6,2.3253154
0.3,6,2.6957768
0.3,6,1.8523395
0.3,6,3.0262829
0.3,6,4.4192901
0.3,6,0.64494489
0.3,6,1.6312526
0.3,6,2.7396017
0.3,6,0.35783951
0.3,6,0.35377778
0.3,6,0.97540534
0.3,6,0.27620211
0.3,6,0.39243296
0.3,6,0.69095873
0.3,6,0.79530433
0.3,6,0.34991413
0.3,6,0.26509667
0.3,6,0.94555867
0.3,6,0.30540789
0.3,6,0.37879944
0.3,6,0.32867489
0.3,6,0.89588189
0.3,6,0.43056167
0.3,6,0.36298202
0.3,6,0.44936452
0.3,6,0.85817256
0.3,6,0.335302
0.3,6,1.1549679
0.3,6,1.1442097
0.3,6,1.7882473
0.3,6,1.4811271
0.3,6,1.2637769
0.3,6,1.2712088
0.3,6,2.2135374
0.3,6,3.017902
0.3,6,2.8950867
0.3,6,3.0236669
0.3,6,2.5348961
0.3,6,1.3118814
0.3,6,1.6828645
0.3,6,0.73139556
0.3,6,0.83458656
0.3,6,0.79521044
0.3,6,0.53499044
0.3,6,2.686494
0.3,6,2.857932
0.3,6,3.0188047
0.3,6,3.0041723
0.3,6,3.6175048
0.3,6,5.0775128
0.3,6,2.6206967
0.3,6,2.8597174
0.3,6,1.7824897
0.3,6,1.4005594
0.3,6,0.44726533
0.3,6,1.0661964
0.3,6,0.34826881
0.3,6,0.53025206
0.3,6,1.5815507
0.3,6,0.64110922
0.3,6,1.5626272
0.3,6,2.0850638
0.3,6,0.54749556
0.3,6,2.2604896
0.3,6,2.1354866
0.3,6,0.65660567
0.3,6,1.2108572
0.3,6,0.76734428
0.3,6,1.219198
0.3,6,1.1222928
0.3,6,0.73747842
0.3,6,0.59605583
0.3,6,0.8401465
0.3,6,1.359671
0.3,6,1.3462051
0.3,6,1.1821984
0.3,6,1.7549118
0.3,6,1.1995486
0.3,6,1.1517665
0.3,6,1.0132251
0.3,6,1.5551654
0.3,6,2.0130583
0.3,6,2.0077435
0.3,6,2.7193412
0.3,6,3.0852778
0.3,6,2.4447097
0.3,6,2.045476
0.3,6,2.0941887
0.3,6,2.1537641
0.3,6,1.668016
0.3,6,1.8968696
0.3,6,2.1436983
0.3,6,2.6541286
0.3,6,1.5924922
0.3,6,1.944048
0.35,6,0.39592625
0.35,6,0.97033496
0.35,6,0.85263156
0.35,6,0.74120968
0.35,6,0.45784611
0.35,6,0.37781556
0.35,6,1.2053101
0.35,6,1.0784387
0.35,6,1.2175743
0.35,6,1.0696367
0.35,6,0.84625789
0.35,6,1.4685306
0.35,6,0.88614522
0.35,6,1.2222004
0.35,6,1.3422816
0.35,6,0.89849199
0.35,6,1.5877362
0.35,6,0.92716889
0.35,6,0.98266156
0.35,6,1.318925
0.35,6,1.0916395
0.35,6,1.5738602
0.35,6,0.83968089
0.35,6,0.86944478
0.35,6,1.1593095
0.35,6,1.2282976
0.35,6,0.96447644
0.35,6,1.4873096
0.35,6,1.5418459
0.35,6,1.2351318
0.35,6,1.650062
0.35,6,1.6234729
0.35,6,1.6558781
0.35,6,1.3276478
0.35,6,1.1621248
0.35,6,1.6829136
0.35,6,2.0483583
0.35,6,2.7740101
0.35,6,2.461742
0.35,6,2.1194279
0.35,6,2.4906127
0.35,6,2.668173
0.35,6,2.5147745
0.35,6,2.1637688
0.35,6,2.0199113
0.35,6,2.3829809
0.35,6,2.7490828
0.35,6,1.1588412
0.35,6,1.8256666
0.35,6,0.94694539
0.35,6,1.7503959
0.35,6,0.980347
0.35,6,1.2340639
0.35,6,0.70707164
0.35,6,0.74016811
0.35,6,0.78198269
0.35,6,1.1832139
0.35,6,1.2960933
0.35,6,0.39180111
0.35,6,0.98522531
0.35,6,1.7578854
0.35,6,0.87206038
0.35,6,0.85709078
0.35,6,1.3086131
0.35,6,0.89808133
0.35,6,0.77310855
0.35,6,1.0026924
0.35,6,0.577818
0.35,6,0.61754883
0.35,6,1.324521
0.35,6,1.3977183
0.35,6,1.1369642
0.35,6,2.2645709
0.35,6,3.2783391
0.35,6,3.529064
0.35,6,3.0663785
0.35,6,2.3806947
0.35,6,2.9237202
0.35,6,1.5181694
0.35,6,1.4087477
0.35,6,2.7143677
0.35,6,1.536496
0.35,6,2.6224786
0.35,6,1.8516891
0.35,6,1.6808552
0.35,6,1.5425115
0.35,6,1.2554062
0.35,6,1.4902628
0.35,6,2.1076415
0.35,6,2.7227908
0.35,6,1.7977771
0.35,6,1.6585819
0.35,6,1.3691028
0.35,6,2.0963616
0.35,6,1.9334244
0.35,6,1.4362429
0.05,4,0.53490511
0.05,4,0.84397386
0.05,4,1.8166549
0.05,4,1.4121559
0.05,4,1.0275283
0.05,4,0.85914018
0.05,4,1.1928437
0.05,4,2.6457502
0.05,4,2.126041
0.05,4,1.4126742
0.05,4,1.2151358
0.05,4,1.1897
0.05,4,2.1423357
0.05,4,1.3613573
0.05,4,1.2756377
0.05,4,1.6470578
0.05,4,1.7418055
0.05,4,2.0579634
0.05,4,1.1979186
0.05,4,1.2508902
0.05,4,1.4915509
0.05,4,1.7392612
0.05,4,2.0571651
0.05,4,1.2793636
0.05,4,1.2988107
0.05,4,1.5408679
0.05,4,1.7216487
0.05,4,2.0996164
0.05,4,1.7825308
0.05,4,1.0933488
0.05,4,1.0400304
0.05,4,0.85222033
0.05,4,0.92348198
0.05,4,1.1002838
0.05,4,0.42929
0.05,4,0.67450256
0.05,4,1.0624939
0.05,4,0.91910055
0.05,4,0.67622478
0.05,4,1.6267989
0.05,4,2.4950116
0.05,4,1.9450926
0.05,4,1.7266099
0.05,4,0.71746078
0.05,4,1.2436432
0.05,4,0.6571
0.05,4,1.3922891
0.05,4,1.4601383
0.05,4,0.51911344
0.05,4,1.1240191
0.05,4,0.44595938
0.05,4,3.8505338
0.05,4,4.3784499
0.05,4,5.1172408
0.05,4,2.9798266
0.05,4,0.83391989
0.05,4,1.8124862
0.05,4,1.2885892
0.05,4,1.957448
0.05,4,0.84123003
0.05,4,1.2644558
0.05,4,0.89731654
0.05,4,0.82012389
0.05,4,1.4194114
0.05,4,0.52082133
0.05,4,1.1598089
0.05,4,0.76610766
0.05,4,0.77093778
0.05,4,1.4093927
0.05,4,0.34341891
0.05,4,0.33512042
0.05,4,0.94510501
0.05,4,0.79569533
0.05,4,0.85643774
0.05,4,0.76751969
0.05,4,0.61717856
0.05,4,0.27077544
0.05,4,0.81817847
0.05,4,0.93813326
0.05,4,0.36013196
0.05,4,0.80992622
0.05,4,1.0369729
0.05,4,1.5244451
0.05,4,1.0748981
0.05,4,1.171813
0.05,4,2.2237646
0.05,4,1.7936624
0.05,4,1.4296428
0.05,4,1.1983733
0.05,4,1.7506499
0.05,4,1.4711991
0.05,4,1.6322471
0.05,4,1.4267402
0.05,4,1.7608867
0.05,4,1.0086144
0.05,4,1.3637892
0.8,3,0.75265938
0.8,3,0.94127411
0.8,3,0.72245111
0.8,3,0.33567978
0.8,3,0.31304739
0.8,3,0.83150788
0.8,3,1.8850721
0.8,3,1.3625843
0.8,3,1.1597059
0.8,3,1.2114814
0.8,3,1.6436663
0.8,3,2.2425531
0.8,3,1.3416194
0.8,3,1.2645183
0.8,3,1.4090506
0.8,3,4.0450013
0.8,3,2.6957006
0.8,3,1.6713307
0.8,3,3.02922
0.8,3,2.9751443
0.8,3,1.6488587
0.8,3,1.7028341
0.8,3,1.436343
0.8,3,1.1980587
0.8,3,1.8328351
0.8,3,1.5545801
0.8,3,1.51047
0.8,3,1.136885
0.8,3,2.2589394
0.8,3,1.9761571
0.8,3,1.6194384
0.8,3,1.1742101
0.8,3,1.1934623
0.8,3,1.8619171
0.8,3,1.7783978
0.8,3,1.7031027
0.8,3,1.191444
0.8,3,1.5080411
0.8,3,1.1322121
0.8,3,1.0636318
0.8,3,0.418757
0.8,3,0.63263156
0.8,3,1.1311881
0.8,3,1.2889473
0.8,3,0.72680845
0.8,3,0.92965589
0.8,3,0.96869245
0.8,3,1.9928667
0.8,3,3.0885396
0.8,3,0.56349567
0.8,3,2.3235062
0.8,3,0.43058511
0.8,3,1.9984976
0.8,3,2.3062843
0.8,3,2.0960917
0.8,3,2.0497474
0.8,3,1.9594763
0.8,3,0.71081867
0.8,3,1.2337647
0.8,3,0.45359611
0.8,3,1.2228692
0.8,3,0.48896722
0.8,3,1.677591
0.8,3,1.1278181
0.8,3,1.0956732
0.8,3,0.57642333
0.8,3,0.42306956
0.8,3,1.2145746
0.8,3,0.38980433
0.8,3,0.46538944
0.8,3,0.76132867
0.8,3,0.29414438
0.8,3,1.0318814
0.8,3,0.54779922
0.8,3,2.056869
0.8,3,2.4330699
0.8,3,1.1594622
0.8,3,2.4510548
0.8,3,1.6825741
0.8,3,1.6191427
0.8,3,1.9397609
0.8,3,2.5466244
0.8,3,3.8696461
0.8,3,4.1609506
0.8,3,3.2594769
0.8,3,1.5014681
0.8,3,1.3798567
0.8,3,1.7218057
0.8,3,1.8729611
0.8,3,2.2999062
0.8,3,1.5050733
0.8,3,0.89950322
0.8,3,1.4231349
0.8,3,1.994412
0.8,3,1.807102
0.8,3,2.0009053
0.15,3,1.5805411
0.15,3,2.3776652
0.15,3,1.7360033
0.15,3,3.4424257
0.15,3,1.3185851
0.15,3,1.395194
0.15,3,3.3473837
0.15,3,2.0658766
0.15,3,2.1447422
0.15,3,1.8951052
0.15,3,1.1942671
0.15,3,1.7338443
0.15,3,1.7654413
0.15,3,2.394144
0.15,3,1.5056243
0.15,3,1.6175418
0.15,3,1.7427263
0.15,3,2.2652634
0.15,3,1.79906
0.15,3,1.6029788
0.15,3,1.7912001
0.15,3,1.679265
0.15,3,2.2485326
0.15,3,1.5602833
0.15,3,1.7235824
0.15,3,1.6528934
0.15,3,1.9853994
0.15,3,1.8858762
0.15,3,2.0254139
0.15,3,1.5984743
0.15,3,1.6616147
0.15,3,2.1597476
0.15,3,1.559771
0.15,3,1.4159779
0.15,3,1.7157088
0.15,3,1.8435604
0.15,3,2.2902112
0.15,3,1.7793086
0.15,3,1.1022617
0.15,3,0.95356289
0.15,3,2.602608
0.15,3,2.9795004
0.15,3,2.5975337
0.15,3,1.7472338
0.15,3,2.064414
0.15,3,2.2902244
0.15,3,2.5198259
0.15,3,1.70719
0.15,3,1.1478701
0.15,3,0.68043211
0.15,3,1.0568691
0.15,3,2.5945224
0.15,3,2.3220539
0.15,3,1.9780402
0.15,3,1.7010797
0.15,3,1.1127252
0.15,3,1.4352169
0.15,3,0.91879545
0.15,3,0.76430634
0.15,3,0.65853518
0.15,3,1.3046994
0.15,3,1.6973856
0.15,3,1.665087
0.15,3,0.68303385
0.15,3,1.9348911
0.15,3,1.3363303
0.15,3,1.2746164
0.15,3,1.3757171
0.15,3,0.52832937
0.15,3,0.83924944
0.15,3,1.3367841
0.15,3,0.95149144
0.15,3,1.6103317
0.15,3,1.0352924
0.15,3,0.53482153
0.15,3,1.5133798
0.15,3,1.3252053
0.15,3,1.268602
0.15,3,1.5906443
0.15,3,1.8711619
0.15,3,2.1454538
0.15,3,1.917562
0.15,3,2.9853031
0.15,3,3.3667681
0.15,3,3.099926
0.15,3,2.3389386
0.15,3,2.1363279
0.15,3,2.3084126
0.15,3,2.1271572
0.15,3,2.3113482
0.15,3,1.7469775
0.15,3,2.2123197
0.15,3,2.2982921
0.15,3,2.7313586
0.15,3,1.8394914
0.15,3,1.5428914
1,3,1.0567184
1,3,1.9021919
1,3,1.0663734
1,3,0.53954922
1,3,0.77557589
1,3,1.4079104
1,3,1.4606494
1,3,1.1029128
1,3,1.3743979
1,3,2.2085712
1,3,1.3235043
1,3,1.4368687
1,3,1.6619994
1,3,1.519605
1,3,1.844624
1,3,1.6956817
1,3,1.7285826
1,3,1.1671817
1,3,1.7812936
1,3,1.6596445
1,3,1.8208602
1,3,1.5598687
1,3,1.6721313
1,3,1.6126002
1,3,1.2406562
1,3,1.6311051
1,3,1.5288857
1,3,1.8034058
1,3,2.2761735
1,3,1.5747774
1,3,1.511042
1,3,1.0947996
1,3,2.3048083
1,3,2.3756202
1,3,1.7865909
1,3,1.8435338
1,3,2.148391
1,3,1.8654413
1,3,0.83261022
1,3,2.0655494
1,3,0.98979611
1,3,1.1810487
1,3,0.52729521
1,3,1.1339623
1,3,0.48383711
1,3,1.1616104
1,3,0.35154089
1,3,0.95525356
1,3,0.91677689
1,3,1.0073351
1,3,2.0831441
1,3,1.1427133
1,3,3.105366
1,3,1.8989053
1,3,0.942536
1,3,0.849865
1,3,1.2104781
1,3,1.1591351
1,3,0.68844456
1,3,1.3677427
1,3,0.84855578
1,3,2.8375128
1,3,2.232691
1,3,1.0825727
1,3,3.5709394
1,3,2.779342
1,3,2.1458322
1,3,1.1391446
1,3,1.082019
1,3,1.5406343
1,3,1.1041552
1,3,1.1418741
1,3,0.73753344
1,3,1.2136864
1,3,0.78942767
1,3,1.0661281
1,3,2.6729377
1,3,2.5707052
1,3,1.71732
1,3,1.1448832
1,3,1.2032262
1,3,2.4070342
1,3,1.904292
1,3,1.6940619
1,3,2.1538688
1,3,2.3381816
1,3,1.8222768
1,3,2.2482075
1,3,2.1783254
1,3,1.9171342
1,3,2.338513
1,3,1.5555358
1,3,2.1041674
1,3,2.0955807
1,3,1.8978868
1,3,1.7942788
0.25,3,1.0750159
0.25,3,0.95102956
0.25,3,0.63368022
0.25,3,1.6661201
0.25,3,0.96934438
0.25,3,0.42540821
0.25,3,0.75124033
0.25,3,1.3385335
0.25,3,2.0306087
0.25,3,1.0174492
0.25,3,1.3051804
0.25,3,1.578825
0.25,3,1.7477378
0.25,3,1.4017776
0.25,3,1.2894274
0.25,3,1.4880839
0.25,3,1.2214489
0.25,3,2.1006122
0.25,3,1.8034842
0.25,3,1.3289228
0.25,3,1.2771283
0.25,3,1.4670188
0.25,3,2.2356373
0.25,3,1.4353496
0.25,3,1.080864
0.25,3,1.0163198
0.25,3,1.4835832
0.25,3,2.0410762
0.25,3,1.5865608
0.25,3,1.1197206
0.25,3,0.991437
0.25,3,0.96160978
0.25,3,1.2789174
0.25,3,0.56387214
0.25,3,1.2522689
0.25,3,0.825734
0.25,3,0.79330633
0.25,3,1.249874
0.25,3,0.60354478
0.25,3,1.0738879
0.25,3,1.2628624
0.25,3,2.2993014
0.25,3,2.0996099
0.25,3,1.0329466
0.25,3,1.0514438
0.25,3,0.49397289
0.25,3,1.1855073
0.25,3,0.36925378
0.25,3,0.80973389
0.25,3,0.53572747
0.25,3,0.47092897
0.25,3,1.2604209
0.25,3,1.5848991
0.25,3,7.177989
0.25,3,2.367183
0.25,3,1.5063048
0.25,3,1.5353546
0.25,3,2.3058212
0.25,3,2.1897777
0.25,3,2.178212
0.25,3,1.12659
0.25,3,1.3609862
0.25,3,2.1613564
0.25,3,2.1736446
0.25,3,1.6302797
0.25,3,2.7737733
0.25,3,3.9790156
0.25,3,0.57755633
0.25,3,1.2385523
0.25,3,0.56354222
0.25,3,2.2748707
0.25,3,1.1878737
0.25,3,0.56533407
0.25,3,1.8311027
0.25,3,1.0620307
0.25,3,1.0571743
0.25,3,1.8859017
0.25,3,1.3260362
0.25,3,0.86529201
0.25,3,1.2713297
0.25,3,0.99597544
0.25,3,0.96877522
0.25,3,1.658771
0.25,3,2.1957764
0.25,3,1.5267793
0.25,3,1.6930002
0.25,3,2.1059337
0.25,3,1.5948567
0.25,3,1.6384954
0.25,3,2.0962905
0.25,3,1.6533635
0.25,3,2.1791392
0.25,3,3.2430513
0.25,3,1.8005033
0.25,3,1.1261484
0.25,3,1.1011634
0.3,3,0.40261279
0.3,3,0.97928335
0.3,3,0.36440722
0.3,3,0.367183
0.3,3,0.27302578
0.3,3,0.89477311
0.3,3,0.81072256
0.3,3,1.1837373
0.3,3,1.2568119
0.3,3,1.704073
0.3,3,1.2687864
0.3,3,1.1698789
0.3,3,1.2163025
0.3,3,1.7537449
0.3,3,1.1900054
0.3,3,1.3042121
0.3,3,1.2249566
0.3,3,1.3250261
0.3,3,1.82646
0.3,3,1.3258049
0.3,3,1.2188461
0.3,3,1.2013737
0.3,3,1.8210382
0.3,3,1.1886176
0.3,3,1.2299451
0.3,3,1.1828532
0.3,3,1.4638471
0.3,3,2.1997098
0.3,3,2.0919792
0.3,3,1.4285543
0.3,3,1.1831993
0.3,3,1.2509363
0.3,3,1.7262547
0.3,3,1.2083628
0.3,3,1.1503044
0.3,3,1.2108551
0.3,3,1.4224671
0.3,3,1.8592096
0.3,3,0.731499
0.3,3,0.68246078
0.3,3,0.69155578
0.3,3,0.67399778
0.3,3,1.4930137
0.3,3,2.0562332
0.3,3,0.406576
0.3,3,1.1314637
0.3,3,0.6352343
0.3,3,1.2052801
0.3,3,0.91903815
0.3,3,1.4394781
0.3,3,2.0947222
0.3,3,2.1026392
0.3,3,1.9332296
0.3,3,1.925594
0.3,3,1.1170862
0.3,3,1.3324647
0.3,3,0.618736
0.3,3,0.97365195
0.3,3,0.37808413
0.3,3,0.57266796
0.3,3,1.0712267
0.3,3,0.72252786
0.3,3,1.2119653
0.3,3,0.598741
0.3,3,1.1167569
0.3,3,1.1958208
0.3,3,0.889258
0.3,3,1.2027632
0.3,3,0.45811822
0.3,3,0.531689
0.3,3,1.3536754
0.3,3,0.966513
0.3,3,0.92571256
0.3,3,1.3668041
0.3,3,2.5169139
0.3,3,1.4922424
0.3,3,2.1843006
0.3,3,2.6772868
0.3,3,3.0102342
0.3,3,1.8937699
0.3,3,2.2162042
0.3,3,1.581686
0.3,3,2.5782134
0.3,3,2.0995354
0.3,3,0.74357589
0.3,3,0.77863
0.3,3,1.0692556
0.3,3,1.8733986
0.3,3,1.1804282
0.3,3,1.7992617
0.3,3,2.5697964
0.3,3,1.7486557
0.3,3,2.7563278
0.3,3,3.3532063
0.3,3,1.064684
0.3,3,0.73460556
0.35,3,0.97235656
0.35,3,1.5024316
0.35,3,1.2106921
0.35,3,0.67567867
0.35,3,1.2324042
0.35,3,0.34472944
0.35,3,1.064371
0.35,3,2.1996426
0.35,3,1.3754591
0.35,3,1.2489296
0.35,3,1.201913
0.35,3,1.8703304
0.35,3,1.6733159
0.35,3,1.6185155
0.35,3,1.6548201
0.35,3,1.5161703
0.35,3,1.2612376
0.35,3,1.52315
0.35,3,1.806755
0.35,3,1.6503563
0.35,3,1.1940911
0.35,3,1.2372301
0.35,3,1.380064
0.35,3,2.179415
0.35,3,1.3762325
0.35,3,1.1942118
0.35,3,1.2451874
0.35,3,1.8004924
0.35,3,2.1797271
0.35,3,1.6378397
0.35,3,1.2990707
0.35,3,1.2074938
0.35,3,2.2186759
0.35,3,2.0342084
0.35,3,1.6275411
0.35,3,1.4153927
0.35,3,2.8280277
0.35,3,1.7278623
0.35,3,1.317567
0.35,3,0.93246578
0.35,3,1.2944349
0.35,3,0.52505111
0.35,3,1.1477897
0.35,3,1.8487061
0.35,3,1.8950321
0.35,3,1.1141526
0.35,3,0.60165278
0.35,3,1.1370922
0.35,3,0.71742189
0.35,3,0.90012567
0.35,3,2.7136303
0.35,3,1.3607695
0.35,3,3.2253857
0.35,3,3.6265331
0.35,3,1.4839568
0.35,3,1.346483
0.35,3,1.1911879
0.35,3,0.54402442
0.35,3,0.82951689
0.35,3,1.2114023
0.35,3,0.80229289
0.35,3,0.87834516
0.35,3,0.68596493
0.35,3,0.97226289
0.35,3,0.52915419
0.35,3,0.44566699
0.35,3,0.96287268
0.35,3,0.27513737
0.35,3,0.33166478
0.35,3,0.33307314
0.35,3,0.95368778
0.35,3,0.66337933
0.35,3,0.49014383
0.35,3,0.67663219
0.35,3,1.6626099
0.35,3,1.598238
0.35,3,1.8583291
0.35,3,1.6279511
0.35,3,2.1341532
0.35,3,1.5435256
0.35,3,2.919133
0.35,3,2.475696
0.35,3,2.9177047
0.35,3,2.9094553
0.35,3,3.7981501
0.35,3,5.3143813
0.35,3,3.8067856
0.35,3,3.8124868
0.35,3,3.0590532
0.35,3,3.2672276
0.35,3,2.0782973
0.35,3,2.8644899
0.35,3,2.2796444
0.35,3,2.9317656
0.35,3,1.8062436
0.35,3,2.5805682
0.05,2,1.9747683
0.05,2,0.89387867
0.05,2,1.4897664
0.05,2,0.86131478
0.05,2,1.0286762
0.05,2,1.1474096
0.05,2,1.1571171
0.05,2,2.263685
0.05,2,1.7459674
0.05,2,1.7790137
0.05,2,2.2459212
0.05,2,2.0110128
0.05,2,1.9680769
0.05,2,1.7603503
0.05,2,1.586921
0.05,2,1.6948621
0.05,2,1.4854853
0.05,2,2.2923733
0.05,2,2.9562982
0.05,2,2.2183891
0.05,2,2.4285211
0.05,2,1.8558733
0.05,2,1.5900678
0.05,2,1.4001427
0.05,2,1.86786
0.05,2,1.5945554
0.05,2,1.9390144
0.05,2,2.4662926
0.05,2,2.4699516
0.05,2,1.4877432
0.05,2,1.6432192
0.05,2,3.3549988
0.05,2,2.0790716
0.05,2,1.3778228
0.05,2,2.5739258
0.05,2,2.7604834
0.05,2,1.213055
0.05,2,1.1755229
0.05,2,0.38129778
0.05,2,0.62699722
0.05,2,1.1549302
0.05,2,0.63850978
0.05,2,0.801592
0.05,2,0.30683911
0.05,2,1.4497098
0.05,2,1.2548338
0.05,2,1.2689983
0.05,2,1.1625723
0.05,2,1.0878049
0.05,2,1.7081663
0.05,2,0.94725473
0.05,2,0.87218668
0.05,2,0.89069256
0.05,2,0.70953911
0.05,2,0.51853589
0.05,2,0.95410578
0.05,2,0.32281811
0.05,2,0.382633
0.05,2,0.51910778
0.05,2,1.2058512
0.05,2,0.82597922
0.05,2,0.42728811
0.05,2,0.42652178
0.05,2,1.0880831
0.05,2,0.91090211
0.05,2,0.70947178
0.05,2,0.31655567
0.05,2,0.348932
0.05,2,0.87952544
0.05,2,0.38751433
0.05,2,0.25760233
0.05,2,0.37493804
0.05,2,0.43298058
0.05,2,1.3544924
0.05,2,2.5459157
0.05,2,2.0248056
0.05,2,3.0914787
0.05,2,2.8063239
0.05,2,2.1700644
0.05,2,1.1165692
0.05,2,0.96102659
0.05,2,0.90622752
0.05,2,2.2183087
0.05,2,1.7086867
0.05,2,1.6284555
0.05,2,1.6222037
0.05,2,1.6169658
0.05,2,1.6705476
0.05,2,2.2333049
0.05,2,1.5870678
0.05,2,1.5224574
0.05,2,1.6132111
0.05,2,1.5616181
0.05,2,2.1756796
0.05,2,1.7276484
0.05,2,1.3040176
0.8,2,0.39695744
0.8,2,0.36728756
0.8,2,0.40828122
0.8,2,0.84708444
0.8,2,0.358127
0.8,2,0.31305844
0.8,2,0.67532633
0.8,2,1.1311293
0.8,2,1.8429158
0.8,2,1.2018609
0.8,2,1.2496698
0.8,2,1.2720653
0.8,2,1.2737762
0.8,2,1.843014
0.8,2,1.1752324
0.8,2,1.306975
0.8,2,1.2310246
0.8,2,1.2425331
0.8,2,1.7708618
0.8,2,1.2588909
0.8,2,1.1720065
0.8,2,1.1461717
0.8,2,1.1679587
0.8,2,1.2777506
0.8,2,1.8646544
0.8,2,1.2594613
0.8,2,1.2574836
0.8,2,1.2174271
0.8,2,1.9181031
0.8,2,1.2129887
0.8,2,0.60911022
0.8,2,0.25547589
0.8,2,0.59105522
0.8,2,0.46118844
0.8,2,0.49403344
0.8,2,1.3791723
0.8,2,0.79559978
0.8,2,1.422603
0.8,2,1.7348136
0.8,2,0.26582956
0.8,2,1.1508333
0.8,2,0.32283089
0.8,2,1.1104386
0.8,2,0.34451289
0.8,2,0.96855733
0.8,2,0.43161644
0.8,2,0.45376556
0.8,2,0.81664678
0.8,2,0.27027798
0.8,2,0.70199634
0.8,2,0.44876556
0.8,2,0.32729244
0.8,2,0.729382
0.8,2,0.71870567
0.8,2,0.30679633
0.8,2,0.59976459
0.8,2,0.96814667
0.8,2,0.63432867
0.8,2,0.66324044
0.8,2,1.0306482
0.8,2,0.58721356
0.8,2,0.43994311
0.8,2,1.1513988
0.8,2,0.437003
0.8,2,0.45303689
0.8,2,0.48879811
0.8,2,1.0045083
0.8,2,0.49134578
0.8,2,0.53517867
0.8,2,0.77696822
0.8,2,0.96132922
0.8,2,0.60062389
0.8,2,0.84671667
0.8,2,1.1902598
0.8,2,1.588154
0.8,2,0.85316978
0.8,2,1.8036911
0.8,2,2.13743
0.8,2,4.527783
0.8,2,2.9006258
0.8,2,3.7803671
0.8,2,3.0657649
0.8,2,3.4615436
0.8,2,1.8494989
0.8,2,3.6198893
0.8,2,2.0811848
0.8,2,2.6536211
0.8,2,1.9555259
0.8,2,1.4996233
0.8,2,1.6040862
0.8,2,1.5482472
0.8,2,2.3543947
0.8,2,1.7022659
0.8,2,1.6482779
0.8,2,1.5411169
0.8,2,1.6092436
0.5,2,1.466515
0.5,2,0.81137656
0.5,2,0.83384494
0.5,2,0.33689722
0.5,2,0.85373862
0.5,2,0.35740867
0.5,2,0.64178065
0.5,2,1.217401
0.5,2,1.1847862
0.5,2,1.7788086
0.5,2,1.1709143
0.5,2,1.1954348
0.5,2,1.2029527
0.5,2,1.202301
0.5,2,1.793412
0.5,2,1.1814644
0.5,2,1.1707904
0.5,2,1.1960271
0.5,2,1.1949032
0.5,2,1.8013031
0.5,2,1.1937481
0.5,2,1.1813677
0.5,2,1.1826219
0.5,2,1.1554657
0.5,2,1.8180174
0.5,2,1.1783573
0.5,2,1.2281512
0.5,2,1.1772846
0.5,2,1.8967549
0.5,2,1.636008
0.5,2,1.1520613
0.5,2,1.1799592
0.5,2,1.6435769
0.5,2,1.5625084
0.5,2,1.9513479
0.5,2,1.2498682
0.5,2,1.3874332
0.5,2,2.9477966
0.5,2,2.5691412
0.5,2,2.1900622
0.5,2,1.2398761
0.5,2,1.1442307
0.5,2,0.43393333
0.5,2,1.1490376
0.5,2,0.72781054
0.5,2,1.0367308
0.5,2,0.28036889
0.5,2,0.737619
0.5,2,0.87258622
0.5,2,0.67305978
0.5,2,0.86589789
0.5,2,0.32594556
0.5,2,0.68501947
0.5,2,1.3291269
0.5,2,0.57590289
0.5,2,0.63757833
0.5,2,0.63551578
0.5,2,2.0134336
0.5,2,2.1802694
0.5,2,1.3790467
0.5,2,1.9735379
0.5,2,1.8486148
0.5,2,1.2902416
0.5,2,0.7057069
0.5,2,0.52066515
0.5,2,0.59710711
0.5,2,0.83087444
0.5,2,0.79840156
0.5,2,0.90419144
0.5,2,1.1528718
0.5,2,0.56140456
0.5,2,0.76441167
0.5,2,0.87941156
0.5,2,1.4245741
0.5,2,0.419249
0.5,2,0.50074894
0.5,2,0.74011476
0.5,2,1.5661407
0.5,2,0.83045978
0.5,2,0.774003
0.5,2,0.85510911
0.5,2,2.1446848
0.5,2,2.1210541
0.5,2,2.034652
0.5,2,0.92597278
0.5,2,1.400531
0.5,2,1.288338
0.5,2,1.2438824
0.5,2,0.81017311
0.5,2,1.0492134
0.5,2,1.2816103
0.5,2,1.2299178
0.5,2,1.0464782
0.5,2,0.80213833
0.5,2,0.91459133
0.5,2,0.67751046
1,3,0.70370888
1,3,0.63996989
1,3,0.42538522
1,3,0.773844
1,3,0.72758732
1,3,0.73614717
1,3,1.0218509
1,3,1.9336609
1,3,1.286417
1,3,1.5653966
1,3,1.6400076
1,3,1.2940241
1,3,1.818893
1,3,1.342227
1,3,1.5819178
1,3,1.5742061
1,3,1.144518
1,3,1.7879838
1,3,1.433793
1,3,1.6392987
1,3,1.4087846
1,3,1.2229743
1,3,1.7454928
1,3,1.6177817
1,3,1.6358703
1,3,1.4135058
1,3,1.2775036
1,3,2.1235322
1,3,2.5008262
1,3,1.5973542
1,3,1.4119691
1,3,1.2637379
1,3,2.3553453
1,3,1.7671392
1,3,1.7338134
1,3,2.5203331
1,3,2.9172108
1,3,1.1108456
1,3,1.5014636
1,3,0.92863078
1,3,0.83904156
1,3,0.27000622
1,3,1.1097946
1,3,0.69133704
1,3,1.1851614
1,3,0.29457308
1,3,0.28561333
1,3,1.4293567
1,3,1.5616008
1,3,2.0243013
1,3,1.6680908
1,3,2.2156078
1,3,2.6335189
1,3,1.5423058
1,3,1.7413979
1,3,0.920425
1,3,1.0764644
1,3,2.4942002
1,3,0.93509489
1,3,2.1234159
1,3,2.4008908
1,3,0.54956411
1,3,0.28760056
1,3,0.40167956
1,3,1.2637194
1,3,0.49525244
1,3,0.33465322
1,3,0.64861911
1,3,0.56748776
1,3,0.71366759
1,3,0.55101089
1,3,0.88671411
1,3,0.24183778
1,3,0.32970967
1,3,1.0221051
1,3,1.6869967
1,3,0.93612033
1,3,0.72542022
1,3,1.4890746
1,3,5.6326124
1,3,4.2144642
1,3,3.6063664
1,3,3.2453816
1,3,3.19233
1,3,4.1054963
1,3,3.1028361
1,3,2.9313723
1,3,2.8244226
1,3,3.2466148
1,3,2.2875099
1,3,1.9750424
1,3,2.3639898
1,3,2.4312744
1,3,2.4075883
1,3,1.9228148
1,3,1.951572
0.25,3,1.379994
0.25,3,1.8712873
0.25,3,1.7968984
0.25,3,0.73753548
0.25,3,0.80730266
0.25,3,0.81387063
0.25,3,1.9583033
0.25,3,1.7220868
0.25,3,1.1469575
0.25,3,1.2386574
0.25,3,1.1157188
0.25,3,2.023543
0.25,3,1.6696254
0.25,3,1.2199711
0.25,3,1.2034293
0.25,3,1.192376
0.25,3,1.9147618
0.25,3,1.792716
0.25,3,1.3776905
0.25,3,1.1192504
0.25,3,1.1897274
0.25,3,1.7187881
0.25,3,1.7807199
0.25,3,1.429496
0.25,3,1.1128187
0.25,3,1.1734096
0.25,3,1.1196723
0.25,3,2.2817618
0.25,3,2.2737319
0.25,3,1.1579612
0.25,3,1.153827
0.25,3,1.2009599
0.25,3,2.0816012
0.25,3,1.668928
0.25,3,1.5525127
0.25,3,1.6037669
0.25,3,1.6799178
0.25,3,2.3727517
0.25,3,1.2164652
0.25,3,1.1265498
0.25,3,1.9523808
0.25,3,2.9611182
0.25,3,2.9204047
0.25,3,3.250792
0.25,3,2.8365379
0.25,3,2.429397
0.25,3,1.2451788
0.25,3,1.535171
0.25,3,1.1266361
0.25,3,1.3651593
0.25,3,0.36257756
0.25,3,0.93764861
0.25,3,0.22133685
0.25,3,0.72860544
0.25,3,0.97057667
0.25,3,0.69629067
0.25,3,0.89819067
0.25,3,0.29329311
0.25,3,0.300576
0.25,3,1.0065359
0.25,3,0.71075395
0.25,3,0.36632286
0.25,3,0.89500622
0.25,3,0.29615895
0.25,3,0.25809867
0.25,3,1.2289751
0.25,3,0.60891232
0.25,3,0.347777
0.25,3,0.94519833
0.25,3,1.0978805
0.25,3,1.2271646
0.25,3,1.8852596
0.25,3,1.379207
0.25,3,1.6264114
0.25,3,2.3587209
0.25,3,3.3312599
0.25,3,3.4202867
0.25,3,3.7821787
0.25,3,2.4633182
0.25,3,2.5306367
0.25,3,1.740119
0.25,3,2.2863509
0.25,3,1.8904329
0.25,3,2.4880349
0.25,3,2.6573617
0.25,3,2.5464535
0.25,3,3.0274311
0.25,3,1.8936577
0.25,3,1.9767276
0.25,3,2.7873214
0.25,3,2.79709
0.25,3,3.2718467
0.25,3,2.7745021
0.25,3,2.4013241
0.25,3,3.0984996
0.25,3,2.0501197
0.3,3,1.2329776
0.3,3,1.2857977
0.3,3,0.76117711
0.3,3,0.93746908
0.3,3,1.4637772
0.3,3,1.0400246
0.3,3,0.69053333
0.3,3,1.236586
0.3,3,2.0718756
0.3,3,1.6519556
0.3,3,1.3177951
0.3,3,1.2253393
0.3,3,1.708696
0.3,3,1.5923392
0.3,3,1.5964852
0.3,3,1.6890284
0.3,3,1.3422538
0.3,3,1.2238203
0.3,3,1.6087917
0.3,3,2.0645024
0.3,3,1.3458629
0.3,3,1.2059049
0.3,3,1.384457
0.3,3,1.5668859
0.3,3,2.0605381
0.3,3,1.2057618
0.3,3,1.3017129
0.3,3,1.4869842
0.3,3,2.9705157
0.3,3,0.556309
0.3,3,0.32114878
0.3,3,0.28751978
0.3,3,1.2200718
0.3,3,0.73638078
0.3,3,0.41226563
0.3,3,0.33919223
0.3,3,0.33579867
0.3,3,1.4860768
0.3,3,1.0704373
0.3,3,0.84089067
0.3,3,0.66619644
0.3,3,1.4331004
0.3,3,0.93216067
0.3,3,0.79604556
0.3,3,0.37974544
0.3,3,3.3444046
0.3,3,3.1417194
0.3,3,2.2570328
0.3,3,3.9038325
0.3,3,4.3286345
0.3,3,2.8797666
0.3,3,2.2213036
0.3,3,1.110905
0.3,3,1.151916
0.3,3,0.99162811
0.3,3,1.4216472
0.3,3,0.58863233
0.3,3,1.0548056
0.3,3,0.55791844
0.3,3,0.99744422
0.3,3,0.65714333
0.3,3,0.52574133
0.3,3,1.0920657
0.3,3,0.56232442
0.3,3,0.66180822
0.3,3,0.86906167
0.3,3,0.46512733
0.3,3,1.0936177
0.3,3,0.78680345
0.3,3,0.69212111
0.3,3,1.0368801
0.3,3,2.4508863
0.3,3,2.961732
0.3,3,2.8852422
0.3,3,3.453073
0.3,3,2.9026031
0.3,3,3.0096728
0.3,3,3.392323
0.3,3,2.9395162
0.3,3,2.8769448
0.3,3,2.9620073
0.3,3,3.3209838
0.3,3,3.5619663
0.3,3,3.9231331
0.3,3,4.0625112
0.3,3,3.9561009
0.3,3,2.6493666
0.3,3,3.8895644
0.3,3,4.1807924
0.3,3,4.0585081
0.3,3,4.8017466
0.3,3,4.9063121
0.3,3,4.8066127
0.3,3,2.6728484
0.3,3,2.3375199
0.3,3,2.354926
0.35,2,1.933089
0.35,2,2.0367693
